{"cameraMode":{"drawMode":0,"name":"Shaded","section":"Shading Mode"},"sceneLighting":true,"audioPlay":false,"sceneViewState":{"m_AlwaysRefresh":false,"showFog":true,"showSkybox":true,"showFlares":true,"showImageEffects":true,"showParticleSystems":true,"showVisualEffectGraphs":true,"m_FxEnabled":true},"in2DMode":false,"pivot":{"x":-0.9039211273193359,"y":1.087483525276184,"z":-2.210407257080078},"rotation":{"x":-0.15199826657772065,"y":-0.33515453338623049,"z":0.054876308888196948,"w":-0.9282176494598389},"size":4.3657684326171879,"orthographic":false}