{"cameraMode":{"drawMode":0,"name":"Shaded","section":"Shading Mode"},"sceneLighting":true,"audioPlay":false,"sceneViewState":{"m_AlwaysRefresh":false,"showFog":true,"showSkybox":true,"showFlares":true,"showImageEffects":true,"showParticleSystems":true,"showVisualEffectGraphs":true,"m_FxEnabled":true},"in2DMode":false,"pivot":{"x":3.0953359603881838,"y":2.780320644378662,"z":10.368330955505371},"rotation":{"x":0.15145941078662873,"y":0.8433471322059631,"z":-0.3060200810432434,"w":0.41589727997779848},"size":14.556150436401368,"orthographic":true}