{"cameraMode":{"drawMode":0,"name":"Shaded","section":"Shading Mode"},"sceneLighting":true,"audioPlay":false,"sceneViewState":{"m_AlwaysRefresh":false,"showFog":true,"showSkybox":true,"showFlares":true,"showImageEffects":true,"showParticleSystems":true,"showVisualEffectGraphs":true,"m_FxEnabled":true},"in2DMode":false,"pivot":{"x":8.402172088623047,"y":1.2507246732711793,"z":2.929081439971924},"rotation":{"x":-0.036786582320928577,"y":-0.6472906470298767,"z":0.03128650784492493,"w":-0.7607311606407166},"size":11.583728790283204,"orthographic":false}