{"cameraMode":{"drawMode":0,"name":"Shaded","section":"Shading Mode"},"sceneLighting":true,"audioPlay":false,"sceneViewState":{"m_AlwaysRefresh":false,"showFog":true,"showSkybox":true,"showFlares":true,"showImageEffects":true,"showParticleSystems":true,"showVisualEffectGraphs":true,"m_FxEnabled":true},"in2DMode":false,"pivot":{"x":1.2568862438201905,"y":1.8370517492294312,"z":0.19326812028884889},"rotation":{"x":-0.14082272350788117,"y":-0.01633908785879612,"z":0.002315196208655834,"w":-0.9899095296859741},"size":1.452523946762085,"orthographic":false}