{"cameraMode":{"drawMode":0,"name":"Shaded","section":"Shading Mode"},"sceneLighting":true,"audioPlay":false,"sceneViewState":{"m_AlwaysRefresh":false,"showFog":true,"showSkybox":true,"showFlares":true,"showImageEffects":true,"showParticleSystems":true,"showVisualEffectGraphs":true,"m_FxEnabled":true},"in2DMode":false,"pivot":{"x":1.549771785736084,"y":3.17136812210083,"z":0.21314764022827149},"rotation":{"x":-0.045964740216732028,"y":-0.30691787600517275,"z":0.014813934452831746,"w":-0.9505393505096436},"size":5.986112594604492,"orthographic":false}