{"cameraMode":{"drawMode":0,"name":"Shaded","section":"Shading Mode"},"sceneLighting":false,"audioPlay":false,"sceneViewState":{"m_AlwaysRefresh":false,"showFog":true,"showSkybox":false,"showFlares":true,"showImageEffects":true,"showParticleSystems":true,"showVisualEffectGraphs":true,"m_FxEnabled":true},"in2DMode":false,"pivot":{"x":-0.07892894744873047,"y":6.480896949768066,"z":15.890654563903809},"rotation":{"x":-0.4401993453502655,"y":-0.04359813034534454,"z":0.02158646285533905,"w":-0.8968057036399841},"size":13.332115173339844,"orthographic":false}