{"cameraMode":{"drawMode":0,"name":"Shaded","section":"Shading Mode"},"sceneLighting":false,"audioPlay":false,"sceneViewState":{"m_AlwaysRefresh":false,"showFog":true,"showSkybox":false,"showFlares":true,"showImageEffects":true,"showParticleSystems":true,"showVisualEffectGraphs":true,"m_FxEnabled":true},"in2DMode":false,"pivot":{"x":-6.180905342102051,"y":18.60675621032715,"z":5.9838104248046879},"rotation":{"x":0.1776740998029709,"y":0.053243424743413928,"z":-0.010105661116540432,"w":0.9831519722938538},"size":21.264583587646486,"orthographic":false}