{"cameraMode":{"drawMode":0,"name":"Shaded","section":"Shading Mode"},"sceneLighting":false,"audioPlay":false,"sceneViewState":{"m_AlwaysRefresh":false,"showFog":true,"showSkybox":false,"showFlares":true,"showImageEffects":true,"showParticleSystems":true,"showVisualEffectGraphs":true,"m_FxEnabled":true},"in2DMode":false,"pivot":{"x":4.002563953399658,"y":4.166208267211914,"z":1.3784211874008179},"rotation":{"x":0.1776740998029709,"y":0.053243424743413928,"z":-0.010105661116540432,"w":0.9831519722938538},"size":5.995718002319336,"orthographic":false}