{"cameraMode":{"drawMode":0,"name":"Shaded","section":"Shading Mode"},"sceneLighting":false,"audioPlay":false,"sceneViewState":{"m_AlwaysRefresh":false,"showFog":false,"showSkybox":false,"showFlares":false,"showImageEffects":false,"showParticleSystems":false,"showVisualEffectGraphs":true,"m_FxEnabled":true},"in2DMode":false,"pivot":{"x":-0.8006534576416016,"y":1.5977072715759278,"z":-0.028769612312316896},"rotation":{"x":-0.0782066211104393,"y":0.9176668524742127,"z":-0.22632922232151032,"w":-0.31709331274032595},"size":0.08319582045078278,"orthographic":false}