{"cameraMode":{"drawMode":0,"name":"Shaded","section":"Shading Mode"},"sceneLighting":false,"audioPlay":false,"sceneViewState":{"m_AlwaysRefresh":false,"showFog":true,"showSkybox":false,"showFlares":true,"showImageEffects":true,"showParticleSystems":true,"showVisualEffectGraphs":true,"m_FxEnabled":true},"in2DMode":false,"pivot":{"x":-0.0000029802322387695314,"y":2.48183536529541,"z":-0.0000011771917343139649},"rotation":{"x":0.30528661608695986,"y":0.16863225400447846,"z":-0.055465009063482288,"w":0.93614661693573},"size":1.913490891456604,"orthographic":false}